{"cameraMode":{"drawMode":0,"name":"Shaded","section":"Shading Mode"},"sceneLighting":false,"audioPlay":false,"sceneViewState":{"m_AlwaysRefresh":false,"showFog":true,"showSkybox":false,"showFlares":true,"showImageEffects":true,"showParticleSystems":true,"showVisualEffectGraphs":true,"m_FxEnabled":false},"in2DMode":false,"pivot":{"x":0.009979784488677979,"y":0.05680805444717407,"z":0.004531443119049072},"rotation":{"x":0.06604141741991043,"y":-0.6474010944366455,"z":0.0564664825797081,"w":0.7571808695793152},"size":1.5634359121322632,"orthographic":false}