{"cameraMode":{"drawMode":0,"name":"Shaded","section":"Shading Mode"},"sceneLighting":false,"audioPlay":false,"sceneViewState":{"m_AlwaysRefresh":false,"showFog":true,"showSkybox":false,"showFlares":true,"showImageEffects":true,"showParticleSystems":true,"showVisualEffectGraphs":true,"m_FxEnabled":false},"in2DMode":false,"pivot":{"x":1.556295394897461,"y":-0.28159821033477785,"z":-0.8609499931335449},"rotation":{"x":0.06720773130655289,"y":-0.22257575392723084,"z":0.015382114797830582,"w":0.9724762439727783},"size":2.4177281856536867,"orthographic":false}