{"cameraMode":{"drawMode":0,"name":"Shaded","section":"Shading Mode"},"sceneLighting":false,"audioPlay":false,"sceneViewState":{"m_AlwaysRefresh":false,"showFog":true,"showSkybox":false,"showFlares":true,"showImageEffects":true,"showParticleSystems":true,"showVisualEffectGraphs":true,"m_FxEnabled":false},"in2DMode":false,"pivot":{"x":-16.762001037597658,"y":-0.7341938614845276,"z":-22.623001098632814},"rotation":{"x":0.13681595027446748,"y":-0.12238418310880661,"z":0.017028382048010827,"w":0.9828773736953735},"size":1.2475559711456299,"orthographic":false}