{"cameraMode":{"drawMode":0,"name":"Shaded","section":"Shading Mode"},"sceneLighting":true,"audioPlay":false,"sceneViewState":{"m_AlwaysRefresh":false,"showFog":true,"showSkybox":false,"showFlares":true,"showImageEffects":true,"showParticleSystems":true,"showVisualEffectGraphs":true,"m_FxEnabled":false},"in2DMode":false,"pivot":{"x":0.6794208884239197,"y":1.6722835302352906,"z":-2.1627566814422609},"rotation":{"x":0.03986677899956703,"y":0.1747451275587082,"z":-0.007077264133840799,"w":0.983799934387207},"size":1.4975762367248536,"orthographic":false}