{"cameraMode":{"drawMode":0,"name":"Shaded","section":"Shading Mode"},"sceneLighting":true,"audioPlay":false,"sceneViewState":{"m_AlwaysRefresh":false,"showFog":true,"showSkybox":false,"showFlares":true,"showImageEffects":true,"showParticleSystems":true,"showVisualEffectGraphs":true,"m_FxEnabled":false},"in2DMode":false,"pivot":{"x":-0.0009843111038208008,"y":4.14723539352417,"z":5.231564521789551},"rotation":{"x":0.22130189836025239,"y":0.19820179045200349,"z":-0.04599003493785858,"w":0.9537447094917297},"size":5.662442207336426,"orthographic":false}