{"cameraMode":{"drawMode":0,"name":"Shaded","section":"Shading Mode"},"sceneLighting":true,"audioPlay":false,"sceneViewState":{"m_AlwaysRefresh":false,"showFog":true,"showSkybox":false,"showFlares":true,"showImageEffects":true,"showParticleSystems":true,"showVisualEffectGraphs":true,"m_FxEnabled":false},"in2DMode":false,"pivot":{"x":2.6221730709075929,"y":1.5574889183044434,"z":24.249977111816408},"rotation":{"x":0.15696868300437928,"y":0.8418948650360107,"z":-0.3881509602069855,"w":0.34046536684036257},"size":6.551156044006348,"orthographic":false}