{"cameraMode":{"drawMode":0,"name":"Shaded","section":"Shading Mode"},"sceneLighting":true,"audioPlay":false,"sceneViewState":{"m_AlwaysRefresh":false,"showFog":true,"showSkybox":false,"showFlares":true,"showImageEffects":true,"showParticleSystems":true,"showVisualEffectGraphs":true,"m_FxEnabled":false},"in2DMode":false,"pivot":{"x":0.8906621932983398,"y":-0.20999999344348908,"z":4.460000038146973},"rotation":{"x":0.29174917936325076,"y":0.21981140971183778,"z":-0.06908095628023148,"w":0.9283283948898315},"size":7.071067810058594,"orthographic":false}