{"cameraMode":{"drawMode":0,"name":"Shaded","section":"Shading Mode"},"sceneLighting":false,"audioPlay":false,"sceneViewState":{"m_AlwaysRefresh":false,"showFog":true,"showSkybox":false,"showFlares":true,"showImageEffects":true,"showParticleSystems":true,"showVisualEffectGraphs":true,"m_FxEnabled":false},"in2DMode":false,"pivot":{"x":0.2433975338935852,"y":0.8813896179199219,"z":0.17818522453308106},"rotation":{"x":0.06604141741991043,"y":-0.6474010944366455,"z":0.0564664825797081,"w":0.7571808695793152},"size":1.430674433708191,"orthographic":false}