{"cameraMode":{"drawMode":0,"name":"Shaded","section":"Shading Mode"},"sceneLighting":false,"audioPlay":false,"sceneViewState":{"m_AlwaysRefresh":false,"showFog":true,"showSkybox":false,"showFlares":true,"showImageEffects":true,"showParticleSystems":true,"showVisualEffectGraphs":true,"m_FxEnabled":false},"in2DMode":false,"pivot":{"x":-0.006472080945968628,"y":0.0021047815680503847,"z":-0.0026715323328971864},"rotation":{"x":0.06720773130655289,"y":-0.22257575392723084,"z":0.015382114797830582,"w":0.9724762439727783},"size":0.20367452502250672,"orthographic":false}