{"cameraMode":{"drawMode":0,"name":"Shaded","section":"Shading Mode"},"sceneLighting":false,"audioPlay":false,"sceneViewState":{"m_AlwaysRefresh":false,"showFog":true,"showSkybox":false,"showFlares":true,"showImageEffects":true,"showParticleSystems":true,"showVisualEffectGraphs":true,"m_FxEnabled":false},"in2DMode":false,"pivot":{"x":-0.10390782356262207,"y":0.003989577293395996,"z":0.008656561374664307},"rotation":{"x":0.06720773130655289,"y":-0.22257575392723084,"z":0.015382114797830582,"w":0.9724762439727783},"size":1.6408039331436158,"orthographic":false}