{"cameraMode":{"drawMode":0,"name":"Shaded","section":"Shading Mode"},"sceneLighting":false,"audioPlay":false,"sceneViewState":{"m_AlwaysRefresh":false,"showFog":true,"showSkybox":false,"showFlares":true,"showImageEffects":true,"showParticleSystems":true,"showVisualEffectGraphs":true,"m_FxEnabled":false},"in2DMode":false,"pivot":{"x":1.7300196886062623,"y":0.003077983856201172,"z":-0.2770735025405884},"rotation":{"x":0.08900507539510727,"y":-0.8875654339790344,"z":0.19335751235485078,"w":0.40855884552001955},"size":2.744229793548584,"orthographic":false}