{"cameraMode":{"drawMode":0,"name":"Shaded","section":"Shading Mode"},"sceneLighting":false,"audioPlay":false,"sceneViewState":{"m_AlwaysRefresh":false,"showFog":true,"showSkybox":false,"showFlares":true,"showImageEffects":true,"showParticleSystems":true,"showVisualEffectGraphs":true,"m_FxEnabled":false},"in2DMode":false,"pivot":{"x":-0.0031877756118774416,"y":0.062132060527801517,"z":0.01664215326309204},"rotation":{"x":0.06604141741991043,"y":-0.6474010944366455,"z":0.0564664825797081,"w":0.7571808695793152},"size":1.5634359121322632,"orthographic":false}