{"cameraMode":{"drawMode":0,"name":"Shaded","section":"Shading Mode"},"sceneLighting":false,"audioPlay":false,"sceneViewState":{"m_AlwaysRefresh":false,"showFog":true,"showSkybox":false,"showFlares":true,"showImageEffects":true,"showParticleSystems":true,"showVisualEffectGraphs":true,"m_FxEnabled":false},"in2DMode":false,"pivot":{"x":0.4543113708496094,"y":-0.586321234703064,"z":0.8242053985595703},"rotation":{"x":0.15785863995552064,"y":-0.8268868327140808,"z":0.28461599349975588,"w":0.45862358808517458},"size":1.8704310655593873,"orthographic":false}