{"cameraMode":{"drawMode":0,"name":"Shaded","section":"Shading Mode"},"sceneLighting":false,"audioPlay":false,"sceneViewState":{"m_AlwaysRefresh":false,"showFog":true,"showSkybox":false,"showFlares":true,"showImageEffects":true,"showParticleSystems":true,"showVisualEffectGraphs":true,"m_FxEnabled":false},"in2DMode":false,"pivot":{"x":0.016813039779663087,"y":-0.017834186553955079,"z":0.02783966064453125},"rotation":{"x":0.06604141741991043,"y":-0.6474010944366455,"z":0.0564664825797081,"w":0.7571808695793152},"size":5.328784942626953,"orthographic":false}