{"cameraMode":{"drawMode":0,"name":"Shaded","section":"Shading Mode"},"sceneLighting":false,"audioPlay":false,"sceneViewState":{"m_AlwaysRefresh":false,"showFog":true,"showSkybox":false,"showFlares":true,"showImageEffects":true,"showParticleSystems":true,"showVisualEffectGraphs":true,"m_FxEnabled":false},"in2DMode":false,"pivot":{"x":-0.006348967552185059,"y":0.00009429454803466797,"z":1.0292127132415772},"rotation":{"x":0.053161367774009708,"y":-0.838905394077301,"z":0.08332407474517822,"w":0.5352280735969544},"size":3.173797130584717,"orthographic":false}