{"cameraMode":{"drawMode":0,"name":"Shaded","section":"Shading Mode"},"sceneLighting":false,"audioPlay":false,"sceneViewState":{"m_AlwaysRefresh":false,"showFog":true,"showSkybox":false,"showFlares":true,"showImageEffects":true,"showParticleSystems":true,"showVisualEffectGraphs":true,"m_FxEnabled":false},"in2DMode":false,"pivot":{"x":1.8711047172546387,"y":0.0009101629257202148,"z":-0.303394079208374},"rotation":{"x":0.07934252172708512,"y":-0.7119367718696594,"z":0.08151424676179886,"w":0.6929695010185242},"size":2.459512233734131,"orthographic":false}