{"cameraMode":{"drawMode":0,"name":"Shaded","section":"Shading Mode"},"sceneLighting":false,"audioPlay":false,"sceneViewState":{"m_AlwaysRefresh":false,"showFog":true,"showSkybox":false,"showFlares":true,"showImageEffects":true,"showParticleSystems":true,"showVisualEffectGraphs":true,"m_FxEnabled":false},"in2DMode":false,"pivot":{"x":0.00022089481353759766,"y":0.49959057569503786,"z":-0.004070281982421875},"rotation":{"x":0.053161367774009708,"y":-0.838905394077301,"z":0.08332407474517822,"w":0.5352280735969544},"size":2.1373367309570314,"orthographic":false}