{"cameraMode":{"drawMode":0,"name":"Shaded","section":"Shading Mode"},"sceneLighting":false,"audioPlay":false,"sceneViewState":{"m_AlwaysRefresh":false,"showFog":true,"showSkybox":false,"showFlares":true,"showImageEffects":true,"showParticleSystems":true,"showVisualEffectGraphs":true,"m_FxEnabled":false},"in2DMode":false,"pivot":{"x":1.3716273307800294,"y":-1.1222681999206544,"z":-1.0759105682373047},"rotation":{"x":0.08900507539510727,"y":-0.8875654339790344,"z":0.19335751235485078,"w":0.40855884552001955},"size":3.998065233230591,"orthographic":false}