{"cameraMode":{"drawMode":0,"name":"Shaded","section":"Shading Mode"},"sceneLighting":false,"audioPlay":false,"sceneViewState":{"m_AlwaysRefresh":false,"showFog":true,"showSkybox":false,"showFlares":true,"showImageEffects":true,"showParticleSystems":true,"showVisualEffectGraphs":true,"m_FxEnabled":false},"in2DMode":false,"pivot":{"x":0.6115875244140625,"y":-0.7621369361877441,"z":-1.0132367610931397},"rotation":{"x":0.06720773130655289,"y":-0.22257575392723084,"z":0.015382114797830582,"w":0.9724762439727783},"size":5.238408088684082,"orthographic":false}